Status: 15.11.2023,,,Substation_1,,Longitude_Substation_1,Latitude_Substation_1,Substation_2,,Longitude_Substation_2,Latitude_Substation_2,,Maximum Current Imax (A),,,,,,,Dynamic line rating (DLR),,Electrical Parameters,,,,
NE_name,EIC_Code,TSO,Full_name,Short_name,,,Full_name,Short_name,,,Voltage_level(kV),Period 1,Period 2,Period 3,Period 4,Period 5,Period 6,Fixed,DLRmin(A),DLRmax(A),Resistance_R(Ω),Reactance_X(Ω),Susceptance_B(μS),Length_(km),Comment
Eula - Röhrsdorf 203,11TD8L203------C,50HERTZ,Eula,D8EU__2,12.5171,51.1565,Röhrsdorf,D8ROE_2,12.811,50.859,220,,,,,,,790,,,4.09,18.35,161.164,51.51,
Röhrsdorf - Weida 207,11TD8L207------H,50HERTZ,Röhrsdorf,D8ROE_2,12.811,50.859,Weida,D8WD__2,12.0452,50.7805,220,,,,,,,790,,,7.59,31.89,348.717,98.32,
Eula - Weida 208,11TD8L208------9,50HERTZ,Eula,D8EU__2,12.5171,51.1565,Weida,D8WD__2,12.0452,50.7805,220,,,,,,,1070,,,5.05,19.54,264.239,67.55,
Bentwisch - Güstrow 275,11TD8L275------7,50HERTZ,Bentwisch,D8BW__2,12.214,54.0998,Güstrow,D8GUE_2,12.186,53.816,220,,,,,,,1200,,,1.91,12.06,158.085,41.42,
Wuhlheide - Thyrow 291,11TD8L291------L,50HERTZ,Wuhlheide,D8WUH_2,13.5059,52.4741,Thyrow,D8THY_2,13.3049,52.2309,220,,,,,,,960,,,2.97,11.19,266.784,38.88,
Hennigsdorf - Wustermark 295,11TD8L295------Q,50HERTZ,Hennigsdorf,D8HEN_2,13.2065,52.6578,Wustermark,D8WU__2,12.9419,52.5609,220,,,,,,,1070,,,0.55,6.85,129.119,27.40,
Marzahn - Wuhlheide 301,11TD8L301------I,50HERTZ,Marzahn,D8MZA_2,13.5242,52.5356,Wuhlheide,D8WUH_2,13.5059,52.4741,220,,,,,,,1070,,,0.55,2.49,37.071,9.11,
Marzahn - Wuhlheide(Abzweig) 302/1,11TD8L302------A,50HERTZ,Marzahn,D8MZA_2,13.5242,52.5356,Wuhlheide (Abzweig),D8WUH_2,13.5059,52.4741,220,,,,,,,960,,,0.55,2.48,37.071,9.11,
Wuhlheide (Abzweig) - Thyrow 302/2,11TD8L302------A,50HERTZ,Wuhlheide (Abzweig),D8WUH_2,13.5059,52.4741,Thyrow,D8THY_2,13.3049,52.2309,220,,,,,,,960,,,2.97,11.19,153.121,38.88,
Bertikow - Neuenhagen 303,11TD8L303------2,50HERTZ,Bertikow,D8BE__2,13.9568,53.2521,Neuenhagen,D8NHG_2,13.7047,52.5384,220,,,,,,,1070,,,6.67,25.64,321.165,86.06,
Neuenhagen - Vierraden 304,11TD8L304------V,50HERTZ,Neuenhagen,D8NHG_2,13.7047,52.5384,Vierraden,D8VIE_2,14.2677,53.0987,220,,,,,,,1070,,,7.94,29.70,375.986,100.76,
Bertikow - Pasewalk 305,11TD8L305------N,50HERTZ,Bertikow,D8BE__2,13.9568,53.2521,Pasewalk,D8PAS_2,14.034,53.5081,220,,,,,,,900,,,2.29,8.78,109.987,29.47,
Vierraden - Pasewalk 306,11TD8L306------F,50HERTZ,Vierraden,D8VIE_2,14.2677,53.0987,Pasewalk,D8PAS_2,14.034,53.5081,220,,,,,,,1070,,,4.92,18.12,230.907,61.89,
Lubmin - Lüdershagen 313,11TD8L313------U,50HERTZ,Lubmin,D8LUB_2,13.6821,54.1394,Lüdershagen,D8LHG_2,13.0803,54.2857,220,,,,,,,1200,,,2.82,16.33,214.382,56.21,
Lubmin - Lüdershagen 314,11TD8L314------M,50HERTZ,Lubmin,D8LUB_2,13.6821,54.1394,Lüdershagen,D8LHG_2,13.0803,54.2857,220,,,,,,,1200,,,2.82,16.33,214.382,56.21,
Pasewalk - Güstrow 315,11TD8L315------E,50HERTZ,Pasewalk,D8PAS_2,14.034,53.5081,Güstrow,D8GUE_2,12.186,53.816,220,,,,,,,900,,,12.12,44.31,572.398,151.14,
Pasewalk - Güstrow 316,11TD8L316------6,50HERTZ,Pasewalk,D8PAS_2,14.034,53.5081,Güstrow,D8GUE_2,12.186,53.816,220,,,,,,,900,,,12.12,44.31,572.398,151.14,
Lüdershagen - Güstrow 317-276,11TD8L317-276--N,50HERTZ,Lüdershagen,D8LHG_2,13.0803,54.2857,Güstrow,D8GUE_2,12.186,53.816,220,,,,,,,1200,,,6.59,31.38,404.449,106.54,
Lüdershagen - Bentwisch 318,11TD8L318------R,50HERTZ,Lüdershagen,D8LHG_2,13.0803,54.2857,Bentwisch,D8BW__2,12.214,54.0998,220,,,,,,,1200,,,4.69,19.40,247.338,65.35,
Parchim/Süd - Güstrow 328,11TD8L328------I,50HERTZ,Parchim/Süd,D8PMS_2,11.90017,53.40724,Güstrow,D8GUE_2,12.186,53.816,220,,,,,,,900,,,15.50,57.56,196.224,52.32,
Parchim/Süd - Wolmirstedt 332-322,11TD8L332-322--6,50HERTZ,Parchim/Süd,D8PMS_2,11.90017,53.40724,Wolmirstedt,D8WOL_2,11.639,52.2693,220,,,,,,,900,,,9.63,40.60,582.137,141.51,
Eula - Wolkramshausen 357,11TD8L357-----0Y,50HERTZ,Eula,D8EU__2,12.5171,51.1565,Wolkramshausen,D8WK__2,10.7361,51.4405,220,,,,,,,1070,,,12.21,46.85,600.044,159.15,
Eula - Wolkramshausen 358,11TD8L358------S,50HERTZ,Eula,D8EU__2,12.5171,51.1565,Wolkramshausen,D8WK__2,10.7361,51.4405,220,,,,,,,1070,,,12.21,46.85,600.044,159.15,
Vieselbach - Wolkramshausen 367,11TD8L367------R,50HERTZ,Vieselbach,D8VIB_2,11.1241,51.0003,Wolkramshausen,D8WK__2,10.7361,51.4405,220,,,,,,,1600,,,2.54,19.59,245.673,65.76,
Vieselbach - Wolkramshausen 368,11TD8L368------J,50HERTZ,Vieselbach,D8VIB_2,11.1241,51.0003,Wolkramshausen,D8WK__2,10.7361,51.4405,220,,,,,,,1600,,,2.54,19.59,245.673,65.76,
Wustermark - Thyrow 526,11TD8L526------E,50HERTZ,Wustermark,D8WU__2,12.9419,52.5609,Thyrow,D8THY_2,13.3049,52.2309,220,,,,,,,1290,,,2.06,17.31,312.526,69.44,
Vieselbach - Remptendorf - Großschwabhausen 415,11TD8L415------4,50HERTZ,Vieselbach,D8VIB_1,11.1241,51.0003,Remptendorf - Großschwabhausen,D8RE__1,11.6465,50.5336,380,,,,,,,2720,,,3.00,19.63,338.098,77.55,
Vieselbach - Remptendorf 416,11TD8L416------X,50HERTZ,Vieselbach,D8VIB_1,11.1241,51.0003,Remptendorf,D8RE__1,11.6465,50.5336,380,,,,,,,2720,,,3.02,19.71,339.543,77.55,
Krümmel - Görries 419,11TD8L419------9,50HERTZ,Krümmel,D8KRU_1,10.4136,53.4134,Görries,D8GOE_1,11.3727,53.6011,380,,,,,,,2700,,,2.21,22.41,389.086,87.47,
Krümmel - Wessin 420,11TD8L420------Z,50HERTZ,Krümmel,D8KRU_1,10.4136,53.4134,Wessin,D8WE__1,11.6992,53.5736,380,,,,,,,2700,,,2.96,28.52,495.712,111.42,
Görries - Güstrow 423,11TD8L423------B,50HERTZ,Görries,D8GOE_1,11.3727,53.6011,Güstrow,D8GUE_1,12.186,53.816,380,,,,,,,2720,,,2.24,18.24,311.992,71.58,
Wessin - Güstrow 424,11TD8L424------3,50HERTZ,Wessin,D8WE__1,11.6992,53.5736,Güstrow,D8GUE_1,12.186,53.816,380,,,,,,,2720,,,1.47,12.01,205.240,47.10,
Wolmirstedt - Förderstedt 437,11TD8L437------7,50HERTZ,Wolmirstedt,D8WOL_1,11.639,52.2693,Förderstedt,D8FOE_1,11.6442,51.9085,380,,,,,,,2520,,,1.34,12.79,209.554,48.55,
Wolmirstedt - Förderstedt 438,11TD8L438-----0Y,50HERTZ,Wolmirstedt,D8WOL_1,11.639,52.2693,Förderstedt,D8FOE_1,11.6442,51.9085,380,,,,,,,2520,,,1.34,12.79,209.576,48.55,
Eisenach - Vieselbach 454,11TD8L454------D,50HERTZ,Eisenach,D8EI__1,10.3858,51.0019,Vieselbach,D8VIB_1,11.1241,51.0003,380,,,,,,,2520,,,1.89,18.95,306.525,72.29,
Altenfeld - Remptendorf 463,11TD8L463------C,50HERTZ,Altenfeld,D8ATF_1,10.9903,50.5742,Remptendorf,D8RE__1,11.6465,50.5336,380,,,,,,,2370,,,1.49,13.54,208.539,50.25,
Altenfeld - Remptendorf 464,11TD8L464------4,50HERTZ,Altenfeld,D8ATF_1,10.9903,50.5742,Remptendorf,D8RE__1,11.6465,50.5336,380,,,,,,,2370,,,1.49,13.54,208.539,50.25,
Vieselbach - Altenfeld 467,11TD8L467------H,50HERTZ,Vieselbach,D8VIB_1,11.1241,51.0003,Altenfeld,D8ATF_1,10.9903,50.5742,380,,,,,,,3600,,,1.17,14.50,267.664,56.08,
Vieselbach - Altenfeld 468,11TD8L468------9,50HERTZ,Vieselbach,D8VIB_1,11.1241,51.0003,Altenfeld,D8ATF_1,10.9903,50.5742,380,,,,,,,3600,,,1.17,14.50,267.664,56.08,
Lauchstädt - Vieselbach 471,11TD8L471------J,50HERTZ,Lauchstädt,D8LAU_1,11.891,51.4054,Vieselbach,D8VIB_1,11.1241,51.0003,380,,,,,,,3600,,,1.43,19.66,358.456,78.07,
Lauchstädt - Vieselbach 472,11TD8L472------B,50HERTZ,Lauchstädt,D8LAU_1,11.891,51.4054,Vieselbach,D8VIB_1,11.1241,51.0003,380,,,,,,,3600,,,1.43,19.66,361.597,78.07,
Lubmin - Altentreptow/Nord 475,11TD8L475------O,50HERTZ,Lubmin,D8LUB_1,13.6821,54.1394,Altentreptow/Nord,D8ATN_1,13.3178,53.7367,380,,,,,,,2520,,,1.42,13.75,219.566,52.12,
Lubmin - Altentreptow/Süd 476,11T0-0000-0007-7,50HERTZ,Lubmin,D8LUB_1,13.6821,54.1394,Altentreptow/Süd,D8ATS_1,13.1786,53.6242,380,,,,,,,2520,,,1.62,17.83,290.283,68.80,
Altentreptow/Nord - Altentreptow/Süd 477,11T0-0000-0008-4,50HERTZ,Altentreptow/Nord,D8ATN_1,13.3178,53.7367,Altentreptow/Süd,D8ATS_1,13.1786,53.6242,380,,,,,,,2520,,,0.40,4.34,70.780,16.77,
Altentreptow/Süd - Gransee 479,11T0-0000-0009-1,50HERTZ,Altentreptow/Süd,D8ATS_1,13.1786,53.6242,Gransee,D8GSE_1,13.2633,52.9943,380,,,,,,,2520,,,1.81,19.94,325.249,77.01,
Stendal/West - Wolmirstedt 487,11T0-0000-0979-2,50HERTZ,Stendal/West,D8STW_1,11.72678,52.5689,Wolmirstedt,D8WOL_1,11.639,52.2693,380,,,,,,,3600,,,0.58,9.29,172.473,37.25,
Stendal/West - Wolmirstedt 488,11T0-0000-0980-P,50HERTZ,Stendal/West,D8STW_1,11.72678,52.5689,Wolmirstedt,D8WOL_1,11.639,52.2693,380,,,,,,,3600,,,0.58,9.29,172.473,37.25,
Stendal/West - Wolmirstedt 489,11TD8L489------K,50HERTZ,Stendal/West,D8STW_1,11.72678,52.5689,Wolmirstedt,D8WOL_1,11.639,52.2693,380,,,,,,,2520,,,1.18,9.63,160.818,37.25,
Stendal/West - Wolmirstedt 490,11TD8L490------9,50HERTZ,Stendal/West,D8STW_1,11.72678,52.5689,Wolmirstedt,D8WOL_1,11.639,52.2693,380,,,,,,,2520,,,1.18,9.63,160.818,37.25,
Wolmirstedt - Teufelsbruch 493,11TD8L493------M,50HERTZ,Wolmirstedt,D8WOL_1,11.639,52.2693,Teufelsbruch,D8TB__1,13.2116,52.5808,380,,,,,,,2400,,,3.67,33.20,518.677,124.40,
Wolmirstedt - Wustermark 494,11TD8L494------E,50HERTZ,Wolmirstedt,D8WOL_1,11.639,52.2693,Wustermark,D8WU__1,12.9419,52.5609,380,,,,,,,2500,,,3.18,27.94,434.419,104.10,
Neuenhagen - Marzahn 495,11TD8L495------6,50HERTZ,Neuenhagen,D8NHG_1,13.7047,52.5384,Marzahn,D8MZA_1,13.5242,52.5356,380,,,,,,,2280,,,0.76,4.31,71.942,16.94,
Neuenhagen - Marzahn 496,11TD8L496------Z,50HERTZ,Neuenhagen,D8NHG_1,13.7047,52.5384,Marzahn,D8MZA_1,13.5242,52.5356,380,,,,,,,2400,,,0.76,4.31,71.942,16.94,
Wustermark - Teufelsbruch 498,11TD8L498------J,50HERTZ,Wustermark,D8WU__1,12.9419,52.5609,Teufelsbruch,D8TB__1,13.2116,52.5808,380,,,,,,,2400,,,0.72,7.74,129.811,29.60,
Jessen/Nord - Lauchstädt 499,11TD8L499------B,50HERTZ,Jessen/Nord,D8JSN_1,13.0584,51.8,Lauchstädt,D8LAU_1,11.891,51.4054,380,,,,,,,2040,,,3.34,25.42,464.579,102.16,
Jessen/Nord - Marke 500,11TD8L500------6,50HERTZ,Jessen/Nord,D8JSN_1,13.0584,51.8,Marke,D8MA__1,12.2632,51.7401,380,,,,,,,2040,,,3.45,26.89,490.591,107.37,
Ragow - Schönewalde 501,11T0-0000-0040-C,50HERTZ,Ragow,D8RAG_1,13.9057,51.876,Schönewalde,D8SW__1,13.157,51.8288,380,,,,,,,2040,,,1.70,13.44,246.772,54.00,
Ragow - Jessen/Nord 502,11TD8L502-----1N,50HERTZ,Ragow,D8RAG_1,13.9057,51.876,Jessen/Nord,D8JSN_1,13.0584,51.8,380,,,,,,,2040,,,1.95,15.45,290.280,61.78,
Schönewalde - Jessen/Nord 503,11TD8L503-----1F,50HERTZ,Schönewalde,D8SW__1,13.157,51.8288,Jessen/Nord,D8JSN_1,13.0584,51.8,380,,,,,,,2040,,,0.25,2.06,36.285,7.95,
Marke - Lauchstädt 504,11TD8L504------B,50HERTZ,Marke,D8MA__1,12.2632,51.7401,Lauchstädt,D8LAU_1,11.891,51.4054,380,,,,,,,2040,,,2.10,12.73,230.153,50.87,
Lubmin - Siedenbrünzow 509,11TD8L509------8,50HERTZ,Lubmin,D8LUB_1,13.6821,54.1394,Siedenbrünzow,D8SOW_1,13.1434,53.9079,380,,,,,,,2520,,,1.59,14.44,243.128,56.21,
Lubmin - Siedenbrünzow 510,11TD8L510------Y,50HERTZ,Lubmin,D8LUB_1,13.6821,54.1394,Siedenbrünzow,D8SOW_1,13.1434,53.9079,380,,,,,,,2520,,,1.59,14.44,243.128,56.21,
Siedenbrünzow - Güstrow 512,11TD8L512-----1E,50HERTZ,Siedenbrünzow,D8SOW_1,13.1434,53.9079,Güstrow,D8GUE_1,12.186,53.816,380,,,,,,,2500,,,3.37,25.05,386.919,93.61,
Siedenbrünzow - Putlitz/Süd 513,11TD8L513-----16,50HERTZ,Siedenbrünzow,D8SOW_1,13.1434,53.9079,Putlitz/Süd,D8PZS_1,12.1089,53.2505,380,,,,,,,2500,,,2.59,28.07,464.579,109.10,
Güstrow - Putlitz/Süd 514,11TD8L514-----1Z,50HERTZ,Güstrow,D8GUE_1,12.186,53.816,Putlitz/Süd,D8PZS_1,12.1089,53.2505,380,,,,,,,2520,,,2.88,26.43,422.230,100.30,
Perleberg - Stendal/West 516,11TD8L516------N,50HERTZ,Perleberg,D8PE__1,11.8533,53.0863,Stendal/West,D8STW_1,11.72678,52.5689,380,,,,,,,2520,,,2.45,19.38,324.778,75.54,
Gransee - Neuenhagen 517,11TD8L517-----1B,50HERTZ,Gransee,D8GSE_1,13.2633,52.9943,Neuenhagen,D8NHG_1,13.7047,52.5384,380,,,,,,,2040,,,1.66,18.23,296.409,70.32,
Altentreptow/Süd - Malchow 518,11T0-0000-0010-O,50HERTZ,Altentreptow/Süd,D8ATS_1,13.1786,53.6242,Malchow,D8MOW_1,13.4948,52.5915,380,,,,,,,2040,,,3.09,33.95,553.234,131.26,
Neuenhagen - Malchow 520,11TD8L520------P,50HERTZ,Neuenhagen,D8NHG_1,13.7047,52.5384,Malchow,D8MOW_1,13.4948,52.5915,380,,,,,,,2040,,,0.57,6.21,101.128,23.99,
Wustermark - Ragow 521-525,11TD8L521-525--G,50HERTZ,Wustermark,D8WU__1,12.9419,52.5609,Ragow,D8RAG_1,13.9057,51.876,380,,,,,,,2504,,,4.00,32.63,585.436,130.74,
Thyrow - Ragow 522,11TD8L522------9,50HERTZ,Thyrow,D8THY_1,13.3049,52.2309,Ragow,D8RAG_1,13.9057,51.876,380,,,,,,,2504,,,1.95,15.38,277.968,61.80,
Ragow - Jessen/Nord 531,11T0-0000-0041-9,50HERTZ,Ragow,D8RAG_1,13.9057,51.876,Jessen/Nord,D8JSN_1,13.0584,51.8,380,,,,,,,2520,,,1.83,17.11,290.974,65.74,
Förderstedt - Jessen/Nord 533,11T0-0000-0042-6,50HERTZ,Förderstedt,D8FOE_1,11.6442,51.9085,Jessen/Nord,D8JSN_1,13.0584,51.8,380,,,,,,,2520,,,3.25,30.49,527.096,117.50,
Lauchstädt - Wolmirstedt 535,11TD8L535------D,50HERTZ,Lauchstädt,D8LAU_1,11.891,51.4054,Wolmirstedt,D8WOL_1,11.639,52.2693,380,,,,,,,2520,,,5.43,40.69,676.699,155.36,
Wolmirstedt - Klostermansfeld 536,11TD8L536------5,50HERTZ,Wolmirstedt,D8WOL_1,11.639,52.2693,Klostermansfeld,D8KLM_1,11.5151,51.5846,380,,,,,,,2520,,,3.88,30.28,504.006,117.19,
Klostermansfeld - Lauchstädt 538,11TD8L538------Q,50HERTZ,Klostermansfeld,D8KLM_1,11.5151,51.5846,Lauchstädt,D8LAU_1,11.891,51.4054,380,,,,,,,2500,,,1.38,10.08,169.615,38.77,
Ragow - Preilack 539,11TD8L539------I,50HERTZ,Ragow,D8RAG_1,13.9057,51.876,Preilack,D8PRL_1,14.4286,51.8881,380,,,,,,,2280,,,1.35,10.83,191.574,43.16,
Ragow - Preilack 540,11TD8L540------7,50HERTZ,Ragow,D8RAG_1,13.9057,51.876,Preilack,D8PRL_1,14.4286,51.8881,380,,,,,,,2280,,,1.35,10.83,191.574,43.16,
Graustein - Preilack 541,11TD8L541-----0Y,50HERTZ,Graustein,D8GRS_1,14.4692,51.5544,Preilack,D8PRL_1,14.4286,51.8881,380,,,,,,,2000,,,2.01,15.87,269.140,62.46,
Graustein - Preilack 542,11TD8L542------S,50HERTZ,Graustein,D8GRS_1,14.4692,51.5544,Preilack,D8PRL_1,14.4286,51.8881,380,,,,,,,2000,,,2.01,15.87,269.140,62.46,
Bentwisch - Güstrow 543,11TD8L543------K,50HERTZ,Bentwisch,D8BW__1,12.214,54.0998,Güstrow,D8GUE_1,12.186,53.816,380,,,,,,,2720,,,0.91,9.00,157.331,35.56,
Bentwisch - Güstrow 544,11TD8L544------C,50HERTZ,Bentwisch,D8BW__1,12.214,54.0998,Güstrow,D8GUE_1,12.186,53.816,380,,,,,,,2720,,,0.91,9.00,157.331,35.56,
Eisenhüttenstadt (Abzweig) - Eisenhüttenstadt 547-3,11TD8L547------P,50HERTZ,Eisenhüttenstadt (Abzweig),D8EHH_1,14.5112,52.1616,Eisenhüttenstadt,D8EH__1,14.6052,52.1752,380,,,,,,,1200,,,0.50,1.82,34.620,7.53,
Eisenhüttenstadt (Abzweig) - Preilack 547-2,11TD8L547------P,50HERTZ,Eisenhüttenstadt (Abzweig),D8EHH_1,14.5112,52.1616,Preilack,D8PRL_1,14.4286,51.8881,380,,,,,,,2280,,,1.42,9.63,170.871,38.48,
Eisenhüttenstadt (Abzweig) - Neuenhagen 547-1,11TD8L547------P,50HERTZ,Eisenhüttenstadt (Abzweig),D8EHH_1,14.5112,52.1616,Neuenhagen,D8NHG_1,13.7047,52.5384,380,,,,,,,2280,,,3.22,21.79,404.009,87.01,
Eisenhüttenstadt (Abzweig) - Eisenhüttenstadt 548-3,11T0000000000023,50HERTZ,Eisenhüttenstadt (Abzweig),D8EHH_1,14.5112,52.1616,Eisenhüttenstadt,D8EH__1,14.6052,52.1752,380,,,,,,,1200,,,0.50,1.82,34.620,7.53,
Eisenhüttenstadt (Abzweig) - Preilack 548-2,11T0000000000023,50HERTZ,Eisenhüttenstadt (Abzweig),D8EHH_1,14.5112,52.1616,Preilack,D8PRL_1,14.4286,51.8881,380,,,,,,,2280,,,1.42,9.63,170.871,38.48,
Heinersdorf - Neuenhagen 444,11T0000000000015,50HERTZ,Heinersdorf,D8HND_1,14.1372,52.4426,Neuenhagen,D8NHG_1,13.7047,52.5384,380,,,,,,,2280,,,1.54,10.45,185.071,41.71,
Eisenhüttenstadt (Abzweig) - Heinersdorf 548-4,11T0000000000023,50HERTZ,Eisenhüttenstadt (Abzweig),D8EHH_1,14.5112,52.1616,Heinersdorf,D8HND_1,14.1372,52.4426,380,,,,,,,2280,,,1.67,11.33,200.748,45.25,
Bärwalde - Schmölln 551,11TD8L551------R,50HERTZ,Bärwalde,D8BAE_1,14.5074,51.4134,Schmölln,D8SM__1,14.2193,51.1205,380,,,,,,,3600,,,0.74,11.51,218.969,45.91,
Bärwalde - Schmölln 552,11TD8L552------J,50HERTZ,Bärwalde,D8BAE_1,14.5074,51.4134,Schmölln,D8SM__1,14.2193,51.1205,380,,,,,,,3600,,,0.74,11.51,218.969,45.91,
Hagenwerder - Schmölln 553,11TD8L553------B,50HERTZ,Hagenwerder,D8HGW_1,14.9462,51.0621,Schmölln,D8SM__1,14.2193,51.1205,380,,,,,,,2500,,,1.65,14.50,252.301,56.66,
Hagenwerder - Schmölln 554,11TD8L554------3,50HERTZ,Hagenwerder,D8HGW_1,14.9462,51.0621,Schmölln,D8SM__1,14.2193,51.1205,380,,,,,,,2500,,,1.65,14.50,252.301,56.66,
Schmölln - Dresden/Süd 555,11TD8L555------W,50HERTZ,Schmölln,D8SM__1,14.2193,51.1205,Dresden/Süd,D8DRS_1,13.8408,50.9895,380,,,,,,,2500,,,1.00,9.39,163.049,36.55,
Schmölln - Dresden/Süd 556,11TD8L556------O,50HERTZ,Schmölln,D8SM__1,14.2193,51.1205,Dresden/Süd,D8DRS_1,13.8408,50.9895,380,,,,,,,2500,,,1.00,9.39,163.049,36.55,
Bärwalde - Streumen 557,11TD8L557------G,50HERTZ,Bärwalde,D8BAE_1,14.5074,51.4134,Streumen,D8STR_1,13.3823,51.3567,380,,,,,,,2520,,,2.58,24.18,404.354,93.78,
Bärwalde - Streumen 558,11TD8L558------8,50HERTZ,Bärwalde,D8BAE_1,14.5074,51.4134,Streumen,D8STR_1,13.3823,51.3567,380,,,,,,,2520,,,2.58,24.18,404.354,93.78,
Preilack - Altdöbern 559,11T0-0000-0948-H,50HERTZ,Preilack,D8PRL_1,14.4286,51.8881,Altdöbern,D8ADB_1,14,51.64,380,,,,,,,2040,,,1.25,13.43,224.099,50.51,
Preilack - Streumen 560,11TD8L560------Q,50HERTZ,Preilack,D8PRL_1,14.4286,51.8881,Streumen,D8STR_1,13.3823,51.3567,380,,,,,,,2040,,,3.00,32.39,537.904,121.22,
Ragow - Streumen 561,11T0-0000-0043-3,50HERTZ,Ragow,D8RAG_1,13.9057,51.876,Streumen,D8STR_1,13.3823,51.3567,380,,,,,,,2504,,,2.94,22.61,385.002,88.72,
Ragow - Streumen 562,11TD8L562------A,50HERTZ,Ragow,D8RAG_1,13.9057,51.876,Streumen,D8STR_1,13.3823,51.3567,380,,,,,,,2504,,,2.94,22.61,385.002,88.72,
Graustein - Bärwalde 565,11TD8L565------N,50HERTZ,Graustein,D8GRS_1,14.4692,51.5544,Bärwalde,D8BAE_1,14.5074,51.4134,380,,,,,,,2520,2520,3150,0.67,5.59,96.415,21.80,
Graustein - Bärwalde 566,11TD8L566------F,50HERTZ,Graustein,D8GRS_1,14.4692,51.5544,Bärwalde,D8BAE_1,14.5074,51.4134,380,,,,,,,2520,2520,3150,0.67,5.59,96.415,21.80,
Streumen - Röhrsdorf 571,11TD8L571------9,50HERTZ,Streumen,D8STR_1,13.3823,51.3567,Röhrsdorf,D8ROE_1,12.811,50.859,380,,,,,,,2504,2504,3150,2.65,19.84,385.788,82.81,
Streumen - Röhrsdorf 572,11TD8L572------1,50HERTZ,Streumen,D8STR_1,13.3823,51.3567,Röhrsdorf,D8ROE_1,12.811,50.859,380,,,,,,,2504,2504,3150,2.65,19.84,385.788,82.81,
Röhrsdorf - Weida 573,11TD8L573------U,50HERTZ,Röhrsdorf,D8ROE_1,12.811,50.859,Weida,D8WD__1,12.0452,50.7805,380,,,,,,,2504,,,2.58,15.61,270.742,61.65,
Remptendorf - Röhrsdorf 574,11TD8L574------M,50HERTZ,Remptendorf,D8RE__1,11.6465,50.5336,Röhrsdorf,D8ROE_1,12.811,50.859,380,,,,,,,2504,,,4.27,25.79,459.835,103.40,
Remptendorf - Weida 575,11TD8L575------E,50HERTZ,Remptendorf,D8RE__1,11.6465,50.5336,Weida,D8WD__1,12.0452,50.7805,380,,,,,,,2504,,,1.84,11.10,207.408,45.51,
Streumen - Eula 585,11TD8L585------5,50HERTZ,Streumen,D8STR_1,13.3823,51.3567,Eula,D8EU__1,12.5171,51.1565,380,,,,,,,2520,,,2.95,22.14,356.696,84.36,
Streumen - Eula 586,11TD8L586------Y,50HERTZ,Streumen,D8STR_1,13.3823,51.3567,Eula,D8EU__1,12.5171,51.1565,380,,,,,,,2520,,,2.95,22.14,356.696,84.36,
Eula - Pulgar 587,11TD8L587------Q,50HERTZ,Eula,D8EU__1,12.5171,51.1565,Pulgar,D8PUL_1,12.337,51.1972,380,,,,,,,2720,,,0.76,4.99,90.855,20.19,
Eula - Pulgar 588,11TD8L588------I,50HERTZ,Eula,D8EU__1,12.5171,51.1565,Pulgar,D8PUL_1,12.337,51.1972,380,,,,,,,2720,,,0.76,4.99,90.855,20.19,
Pulgar - Vieselbach 589,11TD8L589------A,50HERTZ,Pulgar,D8PUL_1,12.337,51.1972,Vieselbach,D8VIB_1,11.1241,51.0003,380,,,,,,,2520,,,3.26,27.31,441.080,104.40,
Pulgar - Vieselbach 590,11TD8L590-----0Y,50HERTZ,Pulgar,D8PUL_1,12.337,51.1972,Vieselbach,D8VIB_1,11.1241,51.0003,380,,,,,,,2520,,,3.26,27.31,441.080,104.40,
Dresden/Süd - Röhrsdorf 591,11TD8L591------S,50HERTZ,Dresden/Süd,D8DRS_1,13.8408,50.9895,Röhrsdorf,D8ROE_1,12.811,50.859,380,,,,,,,2520,,,2.23,22.06,380.604,85.37,
Dresden/Süd - Freiberg/Nord 592,11TD8L592------K,50HERTZ,Dresden/Süd,D8DRS_1,13.8408,50.9895,Freiberg/Nord,D8FRN_1,13.2557,50.9308,380,,,,,,,2520,,,1.17,12.37,212.969,47.77,
Freiberg/Nord - Röhrsdorf 594,11TD8L594------4,50HERTZ,Freiberg/Nord,D8FRN_1,13.2557,50.9308,Röhrsdorf,D8ROE_1,12.811,50.859,380,,,,,,,2520,,,1.05,9.69,167.573,37.59,
Putlitz/Süd - Perleberg - Putlitz 596,11TD8L596------P,50HERTZ,Putlitz/Süd,D8PZS_1,12.1089,53.2505,Perleberg - Putlitz,D8PE__1,11.8533,53.0863,380,,,,,,,2520,,,0.97,8.75,146.335,34.21,
Reuter - Mitte 903,11TD8L903------G,50HERTZ,Reuter,D8REU_1,13.2489,52.5316,Mitte,D8MIT_1,13.3689,52.5034,380,,,,,,,800,,,0.27,2.37,769.690,10.69,
Reuter - Charlottenburg 904,11TD8L904------8,50HERTZ,Reuter,D8REU_1,13.2489,52.5316,Charlottenburg,D8CH__1,13.3097,52.5225,380,,,,,,,800,,,0.13,1.27,235.619,5.27,
Charlottenburg - Mitte 906,11TD8L906------T,50HERTZ,Charlottenburg,D8CH__1,13.3097,52.5225,Mitte,D8MIT_1,13.3689,52.5034,380,,,,,,,800,,,0.12,1.23,475.072,5.42,
Teufelsbruch - Reuter 907,11TD8L907------L,50HERTZ,Teufelsbruch,D8TB__1,13.2116,52.5808,Reuter,D8REU_1,13.2489,52.5316,380,,,,,,,1620,,,0.15,1.69,690.208,7.55,
Teufelsbruch - Reuter 908,11TD8L908------D,50HERTZ,Teufelsbruch,D8TB__1,13.2116,52.5808,Reuter,D8REU_1,13.2489,52.5316,380,,,,,,,1620,,,0.15,1.69,690.208,7.55,
Friedrichshain - Mitte 919,11TD8L919------X,50HERTZ,Friedrichshain,D8FRH_1,13.4561,52.5215,Mitte,D8MIT_1,13.3689,52.5034,380,,,,,,,1660,,,0.13,1.51,368.320,6.55,
Friedrichshain - Mitte 920,11TD8L920------M,50HERTZ,Friedrichshain,D8FRH_1,13.4561,52.5215,Mitte,D8MIT_1,13.3689,52.5034,380,,,,,,,1660,,,0.13,1.52,376.551,6.55,
Friedrichshain - Marzahn 921,11TD8L921------E,50HERTZ,Friedrichshain,D8FRH_1,13.4561,52.5215,Marzahn,D8MZA_1,13.5242,52.5356,380,,,,,,,1660,,,0.11,1.23,300.839,5.38,
Friedrichshain - Marzahn 922,11TD8L922------6,50HERTZ,Friedrichshain,D8FRH_1,13.4561,52.5215,Marzahn,D8MZA_1,13.5242,52.5356,380,,,,,,,1660,,,0.11,1.21,321.008,5.35,
Hamburg/Nord - Brunsbüttel 951,11TD8L951------O,50HERTZ,Hamburg/Nord,D8NOR_1,9.9841,53.7421,Brunsbüttel,D8BRUH1,9.20263,53.8958,380,,,,,,,3600,,,1.07,13.95,283.937,57.10,
Hamburg/Nord - Brunsbüttel 952,11TD8L952------G,50HERTZ,Hamburg/Nord,D8NOR_1,9.9841,53.7421,Brunsbüttel,D8BRUH1,9.20263,53.8958,380,,,,,,,3600,,,1.07,13.95,283.937,57.10,
Hamburg/Ost - Hamburg/Nord 961,11TD8L961------F,50HERTZ,Hamburg/Ost,D8OST_1,10.1598,53.555,Hamburg/Nord,D8NOR_1,9.9841,53.7421,380,,,,,,,2580,2520,3300,1.05,7.88,139.204,31.00,
Hamburg/Ost - Hamburg/Nord 962,11TD8L962------7,50HERTZ,Hamburg/Ost,D8OST_1,10.1598,53.555,Hamburg/Nord,D8NOR_1,9.9841,53.7421,380,,,,,,,2580,2520,3300,1.05,7.88,139.204,31.00,
Hamburg/Süd - Hamburg/Ost 971,11TD8L971------6,50HERTZ,Hamburg/Süd,D8SUE_1,9.9099,53.4884,Hamburg/Ost,D8OST_1,10.1598,53.555,380,,,,,,,2580,,,0.99,7.44,131.978,29.43,
Hamburg/Ost - Krümmel 991,11TD8L991------P,50HERTZ,Hamburg/Ost,D8OST_1,10.1598,53.555,Krümmel,D8KRU_1,10.4136,53.4134,380,,,,,,,3600,,,0.59,6.78,141.717,28.39,
Hamburg/Ost - Krümmel 992,11TD8L992------H,50HERTZ,Hamburg/Ost,D8OST_1,10.1598,53.555,Krümmel,D8KRU_1,10.4136,53.4134,380,,,,,,,3600,,,0.59,6.78,141.717,28.39,
Ragow - Förderstedt 532,11TD8L532------0,50HERTZ,Ragow,D8RAG_1,13.9057,51.876,Förderstedt,D8FOE_1,11.6442,51.9085,380,,,,,,,2520,,,4.99,46.70,765.606,179.43,
Altdöbern - Streumen 563,11T0-0000-0949-E,50HERTZ,Altdöbern,D8ADB_1,14,51.64,Streumen,D8STR_1,13.3823,51.3567,380,,,,,,,2500,,,1.75,18.85,312.274,70.53,
Hamburg/Süd - Hamburg/Ost 972,11TD8L972------Z,50HERTZ,Hamburg/Süd,D8SUE_1,9.9099,53.4884,Hamburg/Ost,D8OST_1,10.1598,53.555,380,,,,,,,2580,,,0.99,7.44,131.978,29.43,
Putlitz/Süd - Stendal/West 515,11TD8L515------V,50HERTZ,Putlitz/Süd,D8PZS_1,12.1089,53.2505,Stendal/West,D8STW_1,11.72678,52.5689,380,,,,,,,2520,,,2.06,22.30,369.106,86.65,
